bub.c,3366,13
bub.c,3366,0
bub.c,5481,-20
bub.c,5481,0
bub.c,1296,-20
bub.c,1296,0
bub.c,7894,-5
bub.c,7894,0
bub.c,2564,6
bub.c,2564,0
bub.c,2403,-20
bub.c,2403,0
bub.c,1206,-20
bub.c,1206,0
bub.c,1167,-20
bub.c,1167,0
bub.c,2322,14
bub.c,2322,0
bub.c,4061,-20
bub.c,4061,0
bub.c,6858,-20
bub.c,6858,0
bub.c,8051,-20
bub.c,8051,0
bub.c,3431,-20
bub.c,3431,0
bub.c,8504,-20
bub.c,8504,0
bub.c,6035,-20
bub.c,6035,0
bub.c,7340,-14
bub.c,7340,0
bub.c,2638,-20
bub.c,2638,0
bub.c,7468,-20
bub.c,7468,0
bub.c,3785,-20
bub.c,3785,0
bub.c,1398,-20
bub.c,1398,0
bub.c,7872,-5
bub.c,7872,0
bub.c,9849,-2
bub.c,9849,0
bub.c,6286,-20
bub.c,6286,0
bub.c,5536,-20
bub.c,5536,0
bub.c,7731,-20
bub.c,7731,0
bub.c,5868,-20
bub.c,5868,0
bub.c,7457,-20
bub.c,7457,0
bub.c,6142,-20
bub.c,6142,0
bub.c,9513,-20
bub.c,9513,0
bub.c,5774,-20
bub.c,5774,0
bub.c,2422,-20
bub.c,2422,0
bub.c,9664,-20
bub.c,9664,0
bub.c,4702,-20
bub.c,4702,0
bub.c,5775,-20
bub.c,5775,0
bub.c,8251,-20
bub.c,8251,0
bub.c,2277,14
bub.c,2277,0
bub.c,3658,-20
bub.c,3658,0
bub.c,3281,-20
bub.c,3281,0
bub.c,1689,-20
bub.c,1689,0
bub.c,9460,6
bub.c,9460,0
bub.c,4395,-3
bub.c,4395,0
bub.c,6489,-20
bub.c,6489,0
bub.c,3461,-20
bub.c,3461,0
bub.c,4381,-20
bub.c,4381,0
bub.c,6188,-20
bub.c,6188,0
bub.c,8681,-20
bub.c,8681,0
bub.c,8806,-10
bub.c,8806,0
bub.c,5666,-20
bub.c,5666,0
bub.c,6914,-20
bub.c,6914,0
bub.c,2324,14
bub.c,2324,0
bub.c,3877,5
bub.c,3877,0
bub.c,1614,-20
bub.c,1614,0
bub.c,6348,-20
bub.c,6348,0
bub.c,7093,-18
bub.c,7093,0
bub.c,8626,-11
bub.c,8626,0
bub.c,4223,-9
bub.c,4223,0
bub.c,1400,-10
bub.c,1400,0
bub.c,9877,-2
bub.c,9877,0
bub.c,4997,-20
bub.c,4997,0
bub.c,7683,-20
bub.c,7683,0
bub.c,7366,-20
bub.c,7366,0
bub.c,7133,-18
bub.c,7133,0
bub.c,2481,-20
bub.c,2481,0
bub.c,1947,-20
bub.c,1947,0
bub.c,5227,9
bub.c,5227,0
bub.c,6553,-20
bub.c,6553,0
bub.c,6679,-20
bub.c,6679,0
bub.c,6054,-20
bub.c,6054,0
bub.c,7764,-20
bub.c,7764,0
bub.c,2696,-20
bub.c,2696,0
bub.c,9843,-11
bub.c,9843,0
bub.c,1457,-20
bub.c,1457,0
bub.c,5927,4
bub.c,5927,0
bub.c,9518,-20
bub.c,9518,0
bub.c,3219,-20
bub.c,3219,0
bub.c,9516,-20
bub.c,9516,0
bub.c,5561,-20
bub.c,5561,0
bub.c,3359,13
bub.c,3359,0
bub.c,6515,-20
bub.c,6515,0
bub.c,6495,-20
bub.c,6495,0
bub.c,6002,-20
bub.c,6002,0
bub.c,5318,-20
bub.c,5318,0
bub.c,8138,0
bub.c,8138,0
bub.c,5411,-20
bub.c,5411,0
bub.c,6890,-20
bub.c,6890,0
bub.c,4462,-3
bub.c,4462,0
bub.c,3855,5
bub.c,3855,0
bub.c,5007,1
bub.c,5007,0
bub.c,8314,-20
bub.c,8314,0
bub.c,3151,-20
bub.c,3151,0
bub.c,4780,-20
bub.c,4780,0
bub.c,4225,-20
bub.c,4225,0
bub.c,9838,-2
bub.c,9838,0
bub.c,9863,-11
bub.c,9863,0
bub.c,6565,-20
bub.c,6565,0
bub.c,8039,-20
bub.c,8039,0
bub.c,1301,-20
bub.c,1301,0
bub.c,3950,9
bub.c,3950,0
bub.c,7397,-20
bub.c,7397,0
bub.c,4058,-20
bub.c,4058,0
bub.c,5089,10
bub.c,5089,0
bub.c,9019,-20
bub.c,9019,0
bub.c,4927,-20
bub.c,4927,0
bub.c,5232,9
bub.c,5232,0
bub.c,2737,-20
bub.c,2737,0
bub.c,8142,0
bub.c,8142,0
bub.c,3274,13
bub.c,3274,0
bub.c,7609,-20
bub.c,7609,0
bub.c,2015,-20
bub.c,2015,0
bub.c,3219,-20
bub.c,3219,0
bub.c,2820,6
bub.c,2820,0
bub.c,4946,-20
bub.c,4946,0
bub.c,8544,-20
bub.c,8544,0
bub.c,3519,-20
bub.c,3519,0
bub.c,9113,-20
bub.c,9113,0
bub.c,4946,-20
bub.c,4946,0
bub.c,4299,-20
bub.c,4299,0
bub.c,8808,-20
bub.c,8808,0
bub.c,8278,-20
bub.c,8278,0
bub.c,9170,-20
bub.c,9170,0
bub.c,4286,-20
bub.c,4286,0
bub.c,5746,-20
bub.c,5746,0
bub.c,5888,-20
bub.c,5888,0
bub.c,4019,-20
bub.c,4019,0
bub.c,6399,-20
bub.c,6399,0
bub.c,2016,-20
bub.c,2016,0
bub.c,6141,-20
bub.c,6141,0
bub.c,6466,-20
bub.c,6466,0
bub.c,4312,-20
bub.c,4312,0
bub.c,9333,-20
bub.c,9333,0
bub.c,2470,6
bub.c,2470,0
bub.c,3578,-20
bub.c,3578,0
bub.c,7660,1
bub.c,7660,0
bub.c,1540,-20
bub.c,1540,0
bub.c,2599,-20
bub.c,2599,0
bub.c,4605,-20
bub.c,4605,0
bub.c,3735,-20
bub.c,3735,0
bub.c,8337,-20
bub.c,8337,0
bub.c,4810,11
bub.c,4810,0
bub.c,10000,-11
bub.c,10000,0
bub.c,2542,-20
bub.c,2542,0
bub.c,2951,6
bub.c,2951,0
bub.c,1644,-20
bub.c,1644,0
bub.c,9870,-2
bub.c,9870,0
bub.c,1323,-20
bub.c,1323,0
bub.c,1624,-20
bub.c,1624,0
bub.c,9987,-11
bub.c,9987,0
bub.c,7671,-20
bub.c,7671,0
bub.c,5573,-20
bub.c,5573,0
bub.c,1960,-20
bub.c,1960,0
bub.c,5323,-20
bub.c,5323,0
bub.c,4801,-20
bub.c,4801,0
bub.c,8209,-18
bub.c,8209,0
bub.c,7182,-20
bub.c,7182,0
bub.c,1362,-10
bub.c,1362,0
bub.c,1731,-20
bub.c,1731,0
bub.c,5391,-20
bub.c,5391,0
bub.c,5958,-20
bub.c,5958,0
bub.c,7894,-20
bub.c,7894,0
bub.c,9899,-2
bub.c,9899,0
bub.c,9335,-7
bub.c,9335,0
bub.c,7861,-5
bub.c,7861,0
bub.c,2692,-20
bub.c,2692,0
bub.c,2922,6
bub.c,2922,0
bub.c,4010,-20
bub.c,4010,0
bub.c,4949,-20
bub.c,4949,0
bub.c,3975,9
bub.c,3975,0
bub.c,4212,-20
bub.c,4212,0
bub.c,3371,13
bub.c,3371,0
bub.c,1941,-20
bub.c,1941,0
bub.c,8011,-18
bub.c,8011,0
bub.c,7183,-18
bub.c,7183,0
bub.c,6731,-20
bub.c,6731,0
bub.c,1056,-20
bub.c,1056,0
bub.c,6834,-14
bub.c,6834,0
bub.c,8167,-20
bub.c,8167,0
bub.c,6018,-20
bub.c,6018,0
bub.c,2267,-20
bub.c,2267,0
bub.c,4401,-20
bub.c,4401,0
bub.c,7811,-20
bub.c,7811,0
bub.c,6491,-20
bub.c,6491,0
bub.c,4217,-9
bub.c,4217,0
bub.c,1288,-20
bub.c,1288,0
bub.c,4603,-20
bub.c,4603,0
bub.c,6681,-20
bub.c,6681,0
bub.c,6528,-20
bub.c,6528,0
bub.c,1092,-20
bub.c,1092,0
bub.c,3392,-20
bub.c,3392,0
bub.c,6835,-20
bub.c,6835,0
bub.c,2558,6
bub.c,2558,0
bub.c,8973,-20
bub.c,8973,0
bub.c,4637,-20
bub.c,4637,0
bub.c,3311,6
bub.c,3311,0
bub.c,2647,-20
bub.c,2647,0
bub.c,9232,-7
bub.c,9232,0
bub.c,8214,-18
bub.c,8214,0
bub.c,7685,-20
bub.c,7685,0
bub.c,9263,-20
bub.c,9263,0
bub.c,7231,-18
bub.c,7231,0
bub.c,4055,-20
bub.c,4055,0
bub.c,4706,-20
bub.c,4706,0
bub.c,6503,-20
bub.c,6503,0
bub.c,3450,-20
bub.c,3450,0
bub.c,7497,-20
bub.c,7497,0
bub.c,2237,-20
bub.c,2237,0
bub.c,1948,-20
bub.c,1948,0
bub.c,7755,-20
bub.c,7755,0
bub.c,3094,7
bub.c,3094,0
bub.c,6672,-14
bub.c,6672,0
bub.c,1590,-20
bub.c,1590,0
bub.c,4934,-20
bub.c,4934,0
bub.c,7841,-5
bub.c,7841,0
bub.c,5537,-20
bub.c,5537,0
bub.c,9219,-20
bub.c,9219,0
bub.c,6829,-14
bub.c,6829,0
bub.c,2112,-9
bub.c,2112,0
bub.c,6409,-20
bub.c,6409,0
bub.c,7812,-20
bub.c,7812,0
bub.c,3348,6
bub.c,3348,0
bub.c,4126,-20
bub.c,4126,0
bub.c,3036,7
bub.c,3036,0
bub.c,1864,-20
bub.c,1864,0
bub.c,4942,-20
bub.c,4942,0
bub.c,4089,-20
bub.c,4089,0
bub.c,5223,9
bub.c,5223,0
bub.c,8814,-10
bub.c,8814,0
bub.c,8893,-12
bub.c,8893,0
bub.c,5096,10
bub.c,5096,0
bub.c,9096,-20
bub.c,9096,0
bub.c,5836,-20
bub.c,5836,0
bub.c,1849,-20
bub.c,1849,0
bub.c,5112,10
bub.c,5112,0
bub.c,7871,-5
bub.c,7871,0
bub.c,5972,-20
bub.c,5972,0
bub.c,1634,-20
bub.c,1634,0
bub.c,7825,-20
bub.c,7825,0
bub.c,6289,-20
bub.c,6289,0
bub.c,8633,0
bub.c,8633,0
bub.c,2178,-20
bub.c,2178,0
bub.c,2215,-20
bub.c,2215,0
bub.c,5203,-20
bub.c,5203,0
bub.c,2991,6
bub.c,2991,0
bub.c,2125,-9
bub.c,2125,0
bub.c,1201,-20
bub.c,1201,0
bub.c,6272,-20
bub.c,6272,0
bub.c,2642,-20
bub.c,2642,0
bub.c,5562,-20
bub.c,5562,0
bub.c,6309,-20
bub.c,6309,0
bub.c,8684,-20
bub.c,8684,0
bub.c,1436,-10
bub.c,1436,0
bub.c,1824,-20
bub.c,1824,0
bub.c,6242,-20
bub.c,6242,0
bub.c,4507,-20
bub.c,4507,0
bub.c,7646,1
bub.c,7646,0
bub.c,8017,-18
bub.c,8017,0
bub.c,7641,1
bub.c,7641,0
bub.c,8926,-20
bub.c,8926,0
bub.c,2972,6
bub.c,2972,0
bub.c,4767,11
bub.c,4767,0
bub.c,2763,-20
bub.c,2763,0
bub.c,1265,-20
bub.c,1265,0
bub.c,1785,-20
bub.c,1785,0
bub.c,6981,-20
bub.c,6981,0
bub.c,3286,6
bub.c,3286,0
bub.c,8612,0
bub.c,8612,0
bub.c,5095,10
bub.c,5095,0
bub.c,4188,-9
bub.c,4188,0
bub.c,5621,-20
bub.c,5621,0
bub.c,4623,-20
bub.c,4623,0
bub.c,1650,-20
bub.c,1650,0
bub.c,2261,14
bub.c,2261,0
bub.c,8823,-10
bub.c,8823,0
bub.c,7762,-20
bub.c,7762,0
bub.c,3161,-20
bub.c,3161,0
bub.c,5884,-20
bub.c,5884,0
bub.c,4598,-20
bub.c,4598,0
bub.c,4317,-20
bub.c,4317,0
bub.c,4645,-20
bub.c,4645,0
bub.c,7288,-20
bub.c,7288,0
bub.c,7900,-5
bub.c,7900,0
bub.c,5204,-20
bub.c,5204,0
bub.c,5341,-20
bub.c,5341,0
bub.c,5566,-20
bub.c,5566,0
bub.c,2442,-20
bub.c,2442,0
bub.c,9488,6
bub.c,9488,0
bub.c,4045,-20
bub.c,4045,0
bub.c,2703,-20
bub.c,2703,0
bub.c,6499,-20
bub.c,6499,0
bub.c,3964,-20
bub.c,3964,0
bub.c,2006,-20
bub.c,2006,0
bub.c,1684,-20
bub.c,1684,0
bub.c,9472,6
bub.c,9472,0
bub.c,8077,-20
bub.c,8077,0
bub.c,7815,-20
bub.c,7815,0
bub.c,3873,5
bub.c,3873,0
bub.c,4729,-20
bub.c,4729,0
bub.c,7319,-14
bub.c,7319,0
bub.c,7680,-20
bub.c,7680,0
bub.c,9194,-20
bub.c,9194,0
bub.c,7122,-18
bub.c,7122,0
bub.c,6058,-20
bub.c,6058,0
bub.c,5462,-20
bub.c,5462,0
bub.c,1366,-20
bub.c,1366,0
bub.c,9233,-20
bub.c,9233,0
bub.c,6992,-20
bub.c,6992,0
bub.c,6347,-20
bub.c,6347,0
bub.c,8653,-11
bub.c,8653,0
bub.c,7140,-20
bub.c,7140,0
bub.c,1222,-20
bub.c,1222,0
bub.c,3732,-20
bub.c,3732,0
bub.c,4854,-20
bub.c,4854,0
bub.c,2933,6
bub.c,2933,0
bub.c,9110,-20
bub.c,9110,0
bub.c,5120,-20
bub.c,5120,0
bub.c,1939,-20
bub.c,1939,0
bub.c,2434,-20
bub.c,2434,0
bub.c,8112,-8
bub.c,8112,0
bub.c,9360,-20
bub.c,9360,0
bub.c,3699,-20
bub.c,3699,0
bub.c,5005,1
bub.c,5005,0
bub.c,4987,-20
bub.c,4987,0
bub.c,3324,13
bub.c,3324,0
bub.c,8678,0
bub.c,8678,0
bub.c,5425,-20
bub.c,5425,0
bub.c,7566,-20
bub.c,7566,0
bub.c,9413,6
bub.c,9413,0
bub.c,3225,-20
bub.c,3225,0
bub.c,1175,-20
bub.c,1175,0
bub.c,6027,-20
bub.c,6027,0
bub.c,4160,-9
bub.c,4160,0
bub.c,1068,-20
bub.c,1068,0
bub.c,7838,-5
bub.c,7838,0
bub.c,3039,7
bub.c,3039,0
bub.c,3598,-20
bub.c,3598,0
bub.c,6162,-20
bub.c,6162,0
bub.c,5009,-20
bub.c,5009,0
bub.c,3853,5
bub.c,3853,0
bub.c,8233,-18
bub.c,8233,0
bub.c,9539,-20
bub.c,9539,0
bub.c,3584,-20
bub.c,3584,0
bub.c,3196,-20
bub.c,3196,0
bub.c,4792,11
bub.c,4792,0
bub.c,4381,-20
bub.c,4381,0
bub.c,8090,-18
bub.c,8090,0
bub.c,5097,-20
bub.c,5097,0
bub.c,2119,-9
bub.c,2119,0
bub.c,5203,-20
bub.c,5203,0
bub.c,2140,-9
bub.c,2140,0
bub.c,8475,-20
bub.c,8475,0
bub.c,9085,-20
bub.c,9085,0
bub.c,4722,-20
bub.c,4722,0
bub.c,9288,-7
bub.c,9288,0
bub.c,9832,-11
bub.c,9832,0
bub.c,6128,-20
bub.c,6128,0
bub.c,5626,-20
bub.c,5626,0
bub.c,5927,4
bub.c,5927,0
bub.c,1278,-10
bub.c,1278,0
bub.c,6734,-14
bub.c,6734,0
bub.c,5279,9
bub.c,5279,0
bub.c,1710,-20
bub.c,1710,0
bub.c,3425,-20
bub.c,3425,0
bub.c,4414,-3
bub.c,4414,0
bub.c,4926,-20
bub.c,4926,0
bub.c,3586,-20
bub.c,3586,0
bub.c,5123,10
bub.c,5123,0
bub.c,5209,-20
bub.c,5209,0
bub.c,5566,-20
bub.c,5566,0
bub.c,8566,-11
bub.c,8566,0
bub.c,8511,-20
bub.c,8511,0
bub.c,1908,-20
bub.c,1908,0
bub.c,5211,-20
bub.c,5211,0
bub.c,8120,0
bub.c,8120,0
bub.c,1240,-20
bub.c,1240,0
bub.c,7044,-20
bub.c,7044,0
bub.c,8261,-20
bub.c,8261,0
bub.c,8795,-20
bub.c,8795,0
bub.c,9366,-20
bub.c,9366,0
bub.c,7405,-20
bub.c,7405,0
bub.c,1828,-20
bub.c,1828,0
bub.c,8139,0
bub.c,8139,0
bub.c,2035,-20
bub.c,2035,0
bub.c,7512,-20
bub.c,7512,0
bub.c,2461,-20
bub.c,2461,0
bub.c,5032,1
bub.c,5032,0
bub.c,4913,-20
bub.c,4913,0
bub.c,9291,-20
bub.c,9291,0
bub.c,6097,-20
bub.c,6097,0
bub.c,8192,-18
bub.c,8192,0
bub.c,4596,-20
bub.c,4596,0
bub.c,3872,-20
bub.c,3872,0
bub.c,6597,-20
bub.c,6597,0
bub.c,2627,-20
bub.c,2627,0
bub.c,5248,9
bub.c,5248,0
bub.c,7179,-20
bub.c,7179,0
bub.c,1178,-20
bub.c,1178,0
bub.c,1487,-20
bub.c,1487,0
bub.c,4306,-20
bub.c,4306,0
bub.c,9820,-2
bub.c,9820,0
bub.c,8697,-20
bub.c,8697,0
bub.c,5211,-20
bub.c,5211,0
bub.c,8094,-8
bub.c,8094,0
bub.c,9057,-20
bub.c,9057,0
bub.c,8771,-20
bub.c,8771,0
bub.c,2494,6
bub.c,2494,0
bub.c,6616,-14
bub.c,6616,0
bub.c,4774,-20
bub.c,4774,0
bub.c,6047,-20
bub.c,6047,0
bub.c,2984,-20
bub.c,2984,0
bub.c,1218,-20
bub.c,1218,0
bub.c,7115,-20
bub.c,7115,0
bub.c,1046,-20
bub.c,1046,0
bub.c,5257,-20
bub.c,5257,0
bub.c,2821,6
bub.c,2821,0
bub.c,2606,-20
bub.c,2606,0
bub.c,5659,-20
bub.c,5659,0
bub.c,5101,-20
bub.c,5101,0
bub.c,2479,6
bub.c,2479,0
bub.c,5915,-20
bub.c,5915,0
bub.c,3927,5
bub.c,3927,0
bub.c,9259,-20
bub.c,9259,0
bub.c,6003,-20
bub.c,6003,0
bub.c,6408,-20
bub.c,6408,0
bub.c,5184,-20
bub.c,5184,0
bub.c,7042,-20
bub.c,7042,0
bub.c,8432,-11
bub.c,8432,0
bub.c,9791,-2
bub.c,9791,0
bub.c,9958,-2
bub.c,9958,0
bub.c,6033,-20
bub.c,6033,0
bub.c,7739,-20
bub.c,7739,0
bub.c,4831,11
bub.c,4831,0
bub.c,6240,-20
bub.c,6240,0
bub.c,4267,-20
bub.c,4267,0
bub.c,2642,-20
bub.c,2642,0
bub.c,4214,-9
bub.c,4214,0
bub.c,1054,-20
bub.c,1054,0
bub.c,9430,-20
bub.c,9430,0
bub.c,6763,-20
bub.c,6763,0
bub.c,4639,-20
bub.c,4639,0
bub.c,8569,-11
bub.c,8569,0
bub.c,9909,-2
bub.c,9909,0
bub.c,9288,-7
bub.c,9288,0
bub.c,3411,-20
bub.c,3411,0
bub.c,2350,14
bub.c,2350,0
bub.c,2452,-20
bub.c,2452,0
bub.c,5548,-20
bub.c,5548,0
bub.c,1074,-20
bub.c,1074,0
bub.c,2669,-20
bub.c,2669,0
bub.c,2780,6
bub.c,2780,0
bub.c,5716,-20
bub.c,5716,0
bub.c,9295,-7
bub.c,9295,0
bub.c,6840,-14
bub.c,6840,0
bub.c,3751,-20
bub.c,3751,0
bub.c,2317,-20
bub.c,2317,0
bub.c,8244,-20
bub.c,8244,0
bub.c,4442,-3
bub.c,4442,0
bub.c,2445,-20
bub.c,2445,0
bub.c,1390,-20
bub.c,1390,0
bub.c,8079,-8
bub.c,8079,0
bub.c,5117,-20
bub.c,5117,0
bub.c,5937,-20
bub.c,5937,0
bub.c,5429,-20
bub.c,5429,0
bub.c,4932,-20
bub.c,4932,0
bub.c,9475,-20
bub.c,9475,0
bub.c,7664,-20
bub.c,7664,0
bub.c,7368,-20
bub.c,7368,0
bub.c,8994,-20
bub.c,8994,0
bub.c,4795,-20
bub.c,4795,0
bub.c,2938,6
bub.c,2938,0
bub.c,2124,-9
bub.c,2124,0
bub.c,1431,-20
bub.c,1431,0
bub.c,4897,-20
bub.c,4897,0
bub.c,2087,-9
bub.c,2087,0
bub.c,7346,-14
bub.c,7346,0
bub.c,4480,-3
bub.c,4480,0
bub.c,7434,-20
bub.c,7434,0
bub.c,6878,-14
bub.c,6878,0
bub.c,6567,-20
bub.c,6567,0
bub.c,3889,9
bub.c,3889,0
bub.c,8704,-20
bub.c,8704,0
bub.c,8669,0
bub.c,8669,0
bub.c,8570,-11
bub.c,8570,0
bub.c,2103,-9
bub.c,2103,0
bub.c,7079,-20
bub.c,7079,0
bub.c,8699,-20
bub.c,8699,0
bub.c,8316,-18
bub.c,8316,0
bub.c,1621,-20
bub.c,1621,0
bub.c,9937,-2
bub.c,9937,0
bub.c,9808,-11
bub.c,9808,0
bub.c,9214,-20
bub.c,9214,0
bub.c,4674,-20
bub.c,4674,0
bub.c,8681,0
bub.c,8681,0
bub.c,8106,-8
bub.c,8106,0
bub.c,9096,-20
bub.c,9096,0
bub.c,7663,-20
bub.c,7663,0
bub.c,2563,6
bub.c,2563,0
bub.c,5312,9
bub.c,5312,0
bub.c,8901,-12
bub.c,8901,0
bub.c,1515,-20
bub.c,1515,0
bub.c,7762,-20
bub.c,7762,0
bub.c,2488,6
bub.c,2488,0
fac.c,3585,-20
fac.c,3585,0
fac.c,943,-20
fac.c,943,0
fac.c,570,-20
fac.c,570,0
fac.c,5000,-20
fac.c,5000,0
fac.c,2439,15
fac.c,2439,0
fac.c,664,5
fac.c,664,0
fac.c,4081,-20
fac.c,4081,0
fac.c,920,-20
fac.c,920,0
fac.c,817,-20
fac.c,817,0
fac.c,4975,3
fac.c,4975,0
fac.c,3969,7
fac.c,3969,0
fac.c,3134,-20
fac.c,3134,0
fac.c,946,-20
fac.c,946,0
fac.c,773,-20
fac.c,773,0
fac.c,2226,-20
fac.c,2226,0
fac.c,1432,-20
fac.c,1432,0
fac.c,931,-20
fac.c,931,0
fac.c,4081,-20
fac.c,4081,0
fac.c,3876,-6
fac.c,3876,0
fac.c,4828,-20
fac.c,4828,0
fac.c,2042,-14
fac.c,2042,0
fac.c,976,-20
fac.c,976,0
fac.c,4576,-20
fac.c,4576,0
fac.c,4791,-20
fac.c,4791,0
fac.c,2212,-20
fac.c,2212,0
fac.c,3354,-20
fac.c,3354,0
fac.c,1041,-10
fac.c,1041,0
fac.c,3511,-14
fac.c,3511,0
fac.c,1726,-20
fac.c,1726,0
fac.c,1184,-2
fac.c,1184,0
fac.c,1554,-20
fac.c,1554,0
fac.c,2807,-20
fac.c,2807,0
fac.c,2884,-5
fac.c,2884,0
fac.c,3932,-20
fac.c,3932,0
fac.c,1642,8
fac.c,1642,0
fac.c,4925,-20
fac.c,4925,0
fac.c,4968,0
fac.c,4968,0
fac.c,4505,-6
fac.c,4505,0
fac.c,3924,-20
fac.c,3924,0
fac.c,2650,-5
fac.c,2650,0
fac.c,3396,4
fac.c,3396,0
fac.c,4534,-20
fac.c,4534,0
fac.c,3008,-4
fac.c,3008,0
fac.c,1406,-8
fac.c,1406,0
fac.c,3241,-20
fac.c,3241,0
fac.c,3440,4
fac.c,3440,0
fac.c,3135,-20
fac.c,3135,0
fac.c,4271,-6
fac.c,4271,0
fac.c,4476,-20
fac.c,4476,0
fac.c,4141,-4
fac.c,4141,0
fac.c,2335,-20
fac.c,2335,0
fac.c,4697,13
fac.c,4697,0
fac.c,3787,10
fac.c,3787,0
fac.c,4818,-20
fac.c,4818,0
fac.c,2321,-20
fac.c,2321,0
fac.c,4665,13
fac.c,4665,0
fac.c,1692,-20
fac.c,1692,0
fac.c,1688,-20
fac.c,1688,0
fac.c,4208,0
fac.c,4208,0
fac.c,1294,-20
fac.c,1294,0
fac.c,1646,8
fac.c,1646,0
fac.c,4154,-20
fac.c,4154,0
fac.c,2891,-5
fac.c,2891,0
fac.c,1854,-20
fac.c,1854,0
fac.c,1863,-20
fac.c,1863,0
fac.c,2895,-5
fac.c,2895,0
fac.c,3455,4
fac.c,3455,0
fac.c,1129,-3
fac.c,1129,0
fac.c,3252,-20
fac.c,3252,0
fac.c,1625,8
fac.c,1625,0
fac.c,4738,-20
fac.c,4738,0
fac.c,1872,-20
fac.c,1872,0
fac.c,1714,-20
fac.c,1714,0
fac.c,931,-20
fac.c,931,0
fac.c,3890,-4
fac.c,3890,0
fac.c,4625,13
fac.c,4625,0
fac.c,4755,-20
fac.c,4755,0
fac.c,2072,-20
fac.c,2072,0
fac.c,4787,-20
fac.c,4787,0
fac.c,2323,-20
fac.c,2323,0
fac.c,1041,-10
fac.c,1041,0
fac.c,4222,-20
fac.c,4222,0
fac.c,3355,-20
fac.c,3355,0
fac.c,3669,-20
fac.c,3669,0
fac.c,3804,-20
fac.c,3804,0
fac.c,1778,-20
fac.c,1778,0
fac.c,1267,-20
fac.c,1267,0
fac.c,3684,-20
fac.c,3684,0
fac.c,613,5
fac.c,613,0
fac.c,3000,-4
fac.c,3000,0
fac.c,3630,-20
fac.c,3630,0
fac.c,4193,0
fac.c,4193,0
fac.c,829,-20
fac.c,829,0
fac.c,983,-20
fac.c,983,0
fac.c,628,5
fac.c,628,0
fac.c,1694,-20
fac.c,1694,0
fac.c,1469,-20
fac.c,1469,0
fac.c,4909,-20
fac.c,4909,0
fac.c,1464,-20
fac.c,1464,0
fac.c,3015,-20
fac.c,3015,0
fac.c,3955,-20
fac.c,3955,0
fac.c,2990,-20
fac.c,2990,0
fac.c,619,5
fac.c,619,0
fac.c,1887,-20
fac.c,1887,0
fac.c,4965,-8
fac.c,4965,0
fac.c,3185,-20
fac.c,3185,0
fac.c,1267,-20
fac.c,1267,0
fac.c,1103,-20
fac.c,1103,0
fac.c,4332,10
fac.c,4332,0
fac.c,941,-2
fac.c,941,0
fac.c,4831,2
fac.c,4831,0
fac.c,1075,-20
fac.c,1075,0
fac.c,1037,-20
fac.c,1037,0
fac.c,4528,-20
fac.c,4528,0
fac.c,4081,-20
fac.c,4081,0
fac.c,1104,-20
fac.c,1104,0
fac.c,3797,-20
fac.c,3797,0
fac.c,792,-20
fac.c,792,0
fac.c,1233,-20
fac.c,1233,0
fac.c,3209,-20
fac.c,3209,0
fac.c,1145,-3
fac.c,1145,0
fac.c,2509,13
fac.c,2509,0
fac.c,779,-20
fac.c,779,0
fac.c,3386,4
fac.c,3386,0
fac.c,1159,-20
fac.c,1159,0
fac.c,1630,-20
fac.c,1630,0
fac.c,2760,-5
fac.c,2760,0
fac.c,1291,-20
fac.c,1291,0
fac.c,1501,8
fac.c,1501,0
fac.c,4274,-6
fac.c,4274,0
fac.c,3347,-20
fac.c,3347,0
fac.c,2150,-20
fac.c,2150,0
fac.c,4876,2
fac.c,4876,0
fac.c,1953,15
fac.c,1953,0
fac.c,4024,-20
fac.c,4024,0
fac.c,1337,-20
fac.c,1337,0
fac.c,4328,10
fac.c,4328,0
fac.c,2902,-5
fac.c,2902,0
fac.c,3201,-20
fac.c,3201,0
fac.c,582,-20
fac.c,582,0
fac.c,1193,-20
fac.c,1193,0
fac.c,1698,-20
fac.c,1698,0
fac.c,2597,13
fac.c,2597,0
fac.c,3363,-20
fac.c,3363,0
fac.c,754,-20
fac.c,754,0
fac.c,2290,-20
fac.c,2290,0
fac.c,2263,-20
fac.c,2263,0
fac.c,2253,-20
fac.c,2253,0
fac.c,921,-20
fac.c,921,0
fac.c,1354,-20
fac.c,1354,0
fac.c,3416,4
fac.c,3416,0
fac.c,3758,-20
fac.c,3758,0
fac.c,3705,-20
fac.c,3705,0
fac.c,862,-20
fac.c,862,0
fac.c,4380,-20
fac.c,4380,0
fac.c,1322,-20
fac.c,1322,0
fac.c,4688,13
fac.c,4688,0
fac.c,2430,15
fac.c,2430,0
fac.c,4525,-20
fac.c,4525,0
fac.c,1328,-20
fac.c,1328,0
fac.c,988,-20
fac.c,988,0
fac.c,2853,-20
fac.c,2853,0
fac.c,4085,-20
fac.c,4085,0
fac.c,4299,-20
fac.c,4299,0
fac.c,2389,15
fac.c,2389,0
fac.c,1992,15
fac.c,1992,0
fac.c,4292,-20
fac.c,4292,0
fac.c,1156,-20
fac.c,1156,0
fac.c,3002,-4
fac.c,3002,0
fac.c,4712,-20
fac.c,4712,0
fac.c,4716,-20
fac.c,4716,0
fac.c,3157,-20
fac.c,3157,0
fac.c,4756,-20
fac.c,4756,0
fac.c,2107,-20
fac.c,2107,0
fac.c,4063,-20
fac.c,4063,0
fac.c,3307,-20
fac.c,3307,0
fac.c,1485,-20
fac.c,1485,0
fac.c,1802,-20
fac.c,1802,0
fac.c,572,-20
fac.c,572,0
fac.c,4723,-20
fac.c,4723,0
fac.c,2090,-20
fac.c,2090,0
fac.c,3122,-20
fac.c,3122,0
fac.c,4780,-20
fac.c,4780,0
fac.c,2380,15
fac.c,2380,0
fac.c,1086,-20
fac.c,1086,0
fac.c,1475,-20
fac.c,1475,0
fac.c,2457,-20
fac.c,2457,0
fac.c,3409,4
fac.c,3409,0
fac.c,1527,-20
fac.c,1527,0
fac.c,3029,7
fac.c,3029,0
fac.c,2960,-20
fac.c,2960,0
fac.c,582,-20
fac.c,582,0
fac.c,2866,-5
fac.c,2866,0
fac.c,1185,-20
fac.c,1185,0
fac.c,2825,-20
fac.c,2825,0
fac.c,2693,-5
fac.c,2693,0
fac.c,4698,13
fac.c,4698,0
fac.c,815,-20
fac.c,815,0
fac.c,2105,-20
fac.c,2105,0
fac.c,4436,-20
fac.c,4436,0
fac.c,4313,-20
fac.c,4313,0
fac.c,3203,-20
fac.c,3203,0
fac.c,3304,-20
fac.c,3304,0
fac.c,4367,-20
fac.c,4367,0
fac.c,4595,-20
fac.c,4595,0
fac.c,1604,-20
fac.c,1604,0
fac.c,4709,-20
fac.c,4709,0
fac.c,4813,-20
fac.c,4813,0
fac.c,1186,-20
fac.c,1186,0
fac.c,890,-20
fac.c,890,0
fac.c,2759,-5
fac.c,2759,0
fac.c,3018,7
fac.c,3018,0
fac.c,1234,-20
fac.c,1234,0
fac.c,4642,13
fac.c,4642,0
fac.c,4969,-8
fac.c,4969,0
fac.c,2099,-20
fac.c,2099,0
fac.c,4277,-6
fac.c,4277,0
fac.c,2888,-5
fac.c,2888,0
fac.c,2915,-5
fac.c,2915,0
fac.c,4737,-20
fac.c,4737,0
fac.c,2091,-20
fac.c,2091,0
fac.c,3806,-20
fac.c,3806,0
fac.c,1788,-20
fac.c,1788,0
fac.c,3363,-20
fac.c,3363,0
fac.c,4169,-4
fac.c,4169,0
fac.c,2178,-20
fac.c,2178,0
fac.c,4187,0
fac.c,4187,0
fac.c,2207,-20
fac.c,2207,0
fac.c,3557,-14
fac.c,3557,0
fac.c,1203,-20
fac.c,1203,0
fac.c,3542,-14
fac.c,3542,0
fac.c,991,-20
fac.c,991,0
fac.c,3469,4
fac.c,3469,0
fac.c,3742,-20
fac.c,3742,0
fac.c,1050,-20
fac.c,1050,0
fac.c,3959,-20
fac.c,3959,0
fac.c,1344,-20
fac.c,1344,0
fac.c,2817,-20
fac.c,2817,0
fac.c,1822,-20
fac.c,1822,0
fac.c,3688,-20
fac.c,3688,0
fac.c,3445,4
fac.c,3445,0
fac.c,3294,-20
fac.c,3294,0
fac.c,516,-20
fac.c,516,0
fac.c,4919,-20
fac.c,4919,0
fac.c,734,-20
fac.c,734,0
fac.c,2873,-5
fac.c,2873,0
fac.c,4845,2
fac.c,4845,0
fac.c,1224,-20
fac.c,1224,0
fac.c,3699,-20
fac.c,3699,0
fac.c,1335,-20
fac.c,1335,0
fac.c,4535,-20
fac.c,4535,0
fac.c,2432,15
fac.c,2432,0
fac.c,3709,-20
fac.c,3709,0
fac.c,4316,-20
fac.c,4316,0
fac.c,1492,-20
fac.c,1492,0
fac.c,3055,-20
fac.c,3055,0
fac.c,3580,-20
fac.c,3580,0
fac.c,3852,-4
fac.c,3852,0
fac.c,2748,-5
fac.c,2748,0
fac.c,3323,-20
fac.c,3323,0
fac.c,4776,-20
fac.c,4776,0
fac.c,3012,-4
fac.c,3012,0
fac.c,2837,-20
fac.c,2837,0
fac.c,1131,-3
fac.c,1131,0
fac.c,3648,-20
fac.c,3648,0
fac.c,1304,-20
fac.c,1304,0
fac.c,882,-20
fac.c,882,0
fac.c,1182,17
fac.c,1182,0
fac.c,3743,-20
fac.c,3743,0
fac.c,4573,-20
fac.c,4573,0
fac.c,1580,-20
fac.c,1580,0
fac.c,4990,-20
fac.c,4990,0
fac.c,1591,8
fac.c,1591,0
fac.c,1627,-20
fac.c,1627,0
fac.c,4350,-20
fac.c,4350,0
fac.c,1113,-3
fac.c,1113,0
fac.c,3532,-14
fac.c,3532,0
fac.c,4479,-20
fac.c,4479,0
fac.c,1857,-20
fac.c,1857,0
fac.c,2010,-20
fac.c,2010,0
fac.c,4805,-20
fac.c,4805,0
fac.c,1777,9
fac.c,1777,0
fac.c,2922,-20
fac.c,2922,0
fac.c,2992,-20
fac.c,2992,0
fac.c,1349,-20
fac.c,1349,0
fac.c,562,-20
fac.c,562,0
fac.c,1730,-20
fac.c,1730,0
fac.c,3071,-20
fac.c,3071,0
fac.c,2694,-5
fac.c,2694,0
fac.c,1325,-20
fac.c,1325,0
fac.c,1669,-20
fac.c,1669,0
fac.c,1047,-20
fac.c,1047,0
fac.c,1751,-20
fac.c,1751,0
fac.c,1109,-3
fac.c,1109,0
fac.c,3495,-14
fac.c,3495,0
fac.c,2434,15
fac.c,2434,0
fac.c,3730,-20
fac.c,3730,0
fac.c,3037,7
fac.c,3037,0
fac.c,3913,-20
fac.c,3913,0
fac.c,2074,-20
fac.c,2074,0
fac.c,1961,15
fac.c,1961,0
fac.c,4029,-20
fac.c,4029,0
fac.c,2053,-20
fac.c,2053,0
fac.c,717,-20
fac.c,717,0
fac.c,2751,-5
fac.c,2751,0
fac.c,1492,-20
fac.c,1492,0
fac.c,3856,-6
fac.c,3856,0
fac.c,4605,-20
fac.c,4605,0
fac.c,4034,-20
fac.c,4034,0
fac.c,719,-20
fac.c,719,0
fac.c,1855,-20
fac.c,1855,0
fac.c,4431,-20
fac.c,4431,0
fac.c,3434,4
fac.c,3434,0
fac.c,3783,-20
fac.c,3783,0
fac.c,1784,-20
fac.c,1784,0
fac.c,2042,-14
fac.c,2042,0
fac.c,2795,-5
fac.c,2795,0
fac.c,2967,-20
fac.c,2967,0
fac.c,3031,7
fac.c,3031,0
fac.c,2805,-5
fac.c,2805,0
fac.c,1838,-20
fac.c,1838,0
fac.c,3212,-20
fac.c,3212,0
fac.c,2909,-5
fac.c,2909,0
fac.c,4345,-20
fac.c,4345,0
fac.c,972,-20
fac.c,972,0
fac.c,3723,-20
fac.c,3723,0
fac.c,1026,-10
fac.c,1026,0
fac.c,566,-20
fac.c,566,0
fac.c,3007,-4
fac.c,3007,0
fac.c,4450,-20
fac.c,4450,0
fac.c,676,5
fac.c,676,0
fac.c,1537,-20
fac.c,1537,0
fac.c,1126,-3
fac.c,1126,0
fac.c,879,-20
fac.c,879,0
fac.c,637,5
fac.c,637,0
fac.c,3896,-20
fac.c,3896,0
fac.c,2376,15
fac.c,2376,0
fac.c,2069,-20
fac.c,2069,0
fac.c,3051,-20
fac.c,3051,0
fac.c,2549,13
fac.c,2549,0
fac.c,3820,-20
fac.c,3820,0
fac.c,4539,-20
fac.c,4539,0
fac.c,1423,-8
fac.c,1423,0
fac.c,2295,-20
fac.c,2295,0
fac.c,1191,-20
fac.c,1191,0
fac.c,1522,-20
fac.c,1522,0
fac.c,2523,13
fac.c,2523,0
fac.c,2070,-20
fac.c,2070,0
fac.c,1499,8
fac.c,1499,0
fac.c,4823,-20
fac.c,4823,0
fac.c,4542,-20
fac.c,4542,0
fac.c,3974,7
fac.c,3974,0
fac.c,1760,-20
fac.c,1760,0
fac.c,4821,-20
fac.c,4821,0
fac.c,2674,-5
fac.c,2674,0
fac.c,3454,4
fac.c,3454,0
fac.c,1444,-20
fac.c,1444,0
fac.c,696,-20
fac.c,696,0
fac.c,3298,-20
fac.c,3298,0
fac.c,1432,-8
fac.c,1432,0
fac.c,4080,-20
fac.c,4080,0
fac.c,4422,-20
fac.c,4422,0
fac.c,3243,-20
fac.c,3243,0
fac.c,3798,-20
fac.c,3798,0
fac.c,1387,-20
fac.c,1387,0
fac.c,1158,-20
fac.c,1158,0
fac.c,2595,13
fac.c,2595,0
fac.c,4681,13
fac.c,4681,0
fac.c,4717,-20
fac.c,4717,0
fac.c,783,-20
fac.c,783,0
fac.c,1808,-20
fac.c,1808,0
fac.c,3336,-20
fac.c,3336,0
fac.c,1305,-20
fac.c,1305,0
fac.c,2305,-20
fac.c,2305,0
fac.c,4706,-20
fac.c,4706,0
fac.c,3592,-20
fac.c,3592,0
fac.c,537,-20
fac.c,537,0
fac.c,658,5
fac.c,658,0
fac.c,3560,-14
fac.c,3560,0
fac.c,2655,-5
fac.c,2655,0
fac.c,3017,7
fac.c,3017,0
fac.c,1120,-3
fac.c,1120,0
fac.c,983,-20
fac.c,983,0
fac.c,533,-20
fac.c,533,0
fac.c,1831,-20
fac.c,1831,0
fac.c,3225,-20
fac.c,3225,0
fac.c,2860,-5
fac.c,2860,0
fac.c,1502,8
fac.c,1502,0
fac.c,1149,-3
fac.c,1149,0
fac.c,3734,-20
fac.c,3734,0
fac.c,4180,-20
fac.c,4180,0
fac.c,811,-20
fac.c,811,0
fac.c,3802,-20
fac.c,3802,0
fac.c,1954,15
fac.c,1954,0
fac.c,759,-20
fac.c,759,0
fac.c,4662,13
fac.c,4662,0
fac.c,4255,-20
fac.c,4255,0
fac.c,2485,13
fac.c,2485,0
fac.c,3541,-14
fac.c,3541,0
fac.c,4005,7
fac.c,4005,0
fac.c,3114,-20
fac.c,3114,0
fac.c,951,-20
fac.c,951,0
fac.c,3071,12
fac.c,3071,0
fac.c,4752,-20
fac.c,4752,0
fac.c,2068,-20
fac.c,2068,0
fac.c,1949,15
fac.c,1949,0
fac.c,1222,-20
fac.c,1222,0
fac.c,2263,-20
fac.c,2263,0
fac.c,4123,-20
fac.c,4123,0
fac.c,2956,-20
fac.c,2956,0
fac.c,3317,-20
fac.c,3317,0
fac.c,2803,-5
fac.c,2803,0
fac.c,4085,-20
fac.c,4085,0
fac.c,617,5
fac.c,617,0
fac.c,1733,-20
fac.c,1733,0
fac.c,3279,-20
fac.c,3279,0
fac.c,3826,-20
fac.c,3826,0
fac.c,1477,-20
fac.c,1477,0
fac.c,4891,-20
fac.c,4891,0
fac.c,1346,-20
fac.c,1346,0
fac.c,4982,3
fac.c,4982,0
fac.c,1067,-10
fac.c,1067,0
fac.c,3887,-6
fac.c,3887,0
fac.c,2012,-20
fac.c,2012,0
fac.c,1205,-20
fac.c,1205,0
fac.c,1038,-20
fac.c,1038,0
fac.c,4278,-6
fac.c,4278,0
fac.c,1226,-20
fac.c,1226,0
fac.c,2175,-20
fac.c,2175,0
fac.c,4407,-20
fac.c,4407,0
fac.c,993,-20
fac.c,993,0
fac.c,1230,-20
fac.c,1230,0
fac.c,3806,-20
fac.c,3806,0
fac.c,1567,-20
fac.c,1567,0
fac.c,4433,-20
fac.c,4433,0
fac.c,4630,13
fac.c,4630,0
fac.c,503,-20
fac.c,503,0
fac.c,4001,-20
fac.c,4001,0
fac.c,723,-20
fac.c,723,0
fac.c,4978,-17
fac.c,4978,0
fac.c,691,-20
fac.c,691,0
fac.c,3790,10
fac.c,3790,0
fac.c,595,5
fac.c,595,0
fac.c,4459,-20
fac.c,4459,0
fac.c,4969,0
fac.c,4969,0
fac.c,4978,-17
fac.c,4978,0
fac.c,2201,-20
fac.c,2201,0
fac.c,1317,-20
fac.c,1317,0
fac.c,2048,-20
fac.c,2048,0
fac.c,4243,-20
fac.c,4243,0
fac.c,3877,-4
fac.c,3877,0
fac.c,2233,-20
fac.c,2233,0
fac.c,2240,-20
fac.c,2240,0
fac.c,923,-20
fac.c,923,0
fac.c,3268,-20
fac.c,3268,0
fac.c,970,-20
fac.c,970,0
fac.c,4099,-20
fac.c,4099,0
fac.c,1510,8
fac.c,1510,0
fac.c,952,-20
fac.c,952,0
fac.c,2747,-20
fac.c,2747,0
fac.c,1993,15
fac.c,1993,0
fac.c,2804,-5
fac.c,2804,0
fac.c,3823,-20
fac.c,3823,0
fac.c,2546,13
fac.c,2546,0
fac.c,3190,-20
fac.c,3190,0
fac.c,4882,2
fac.c,4882,0
fac.c,4362,-20
fac.c,4362,0
fac.c,4506,-6
fac.c,4506,0
fac.c,2036,-20
fac.c,2036,0
fac.c,1308,-20
fac.c,1308,0
fac.c,3077,12
fac.c,3077,0
fac.c,4410,-20
fac.c,4410,0
fac.c,2606,-5
fac.c,2606,0
fac.c,4106,-20
fac.c,4106,0
fac.c,1153,-3
fac.c,1153,0
fac.c,2368,15
fac.c,2368,0
fac.c,4419,-20
fac.c,4419,0
fac.c,4650,13
fac.c,4650,0
fac.c,1144,-3
fac.c,1144,0
fac.c,4830,-20
fac.c,4830,0
fac.c,2331,-20
fac.c,2331,0
fac.c,3603,-20
fac.c,3603,0
fac.c,1132,-3
fac.c,1132,0
fac.c,1174,-2
fac.c,1174,0
fac.c,3950,-20
fac.c,3950,0
fac.c,2328,-20
fac.c,2328,0
fac.c,4955,-17
fac.c,4955,0
fac.c,1374,-20
fac.c,1374,0
fac.c,2044,-20
fac.c,2044,0
fac.c,1169,17
fac.c,1169,0
fac.c,3546,-14
fac.c,3546,0
fac.c,3956,-20
fac.c,3956,0
fac.c,2935,-20
fac.c,2935,0
fac.c,1789,-20
fac.c,1789,0
fac.c,1507,8
fac.c,1507,0
fac.c,2614,-5
fac.c,2614,0
fac.c,4472,-20
fac.c,4472,0
fac.c,3432,4
fac.c,3432,0
fac.c,754,-20
fac.c,754,0
fac.c,4981,3
fac.c,4981,0
hs.c,24137,8
hs.c,24137,0
hs.c,40066,-20
hs.c,40066,0
hs.c,85383,-20
hs.c,85383,0
hs.c,97107,-20
hs.c,97107,0
hs.c,53783,-20
hs.c,53783,0
hs.c,20717,-20
hs.c,20717,0
hs.c,57798,-15
hs.c,57798,0
hs.c,84725,-20
hs.c,84725,0
hs.c,95276,-20
hs.c,95276,0
hs.c,7027,11
hs.c,7027,0
hs.c,77166,-8
hs.c,77166,0
hs.c,81701,-13
hs.c,81701,0
hs.c,4398,-6
hs.c,4398,0
hs.c,12941,2
hs.c,12941,0
hs.c,30600,-20
hs.c,30600,0
hs.c,6048,-20
hs.c,6048,0
hs.c,80115,-20
hs.c,80115,0
hs.c,36613,-20
hs.c,36613,0
hs.c,79834,-13
hs.c,79834,0
hs.c,45064,-2
hs.c,45064,0
hs.c,42086,-20
hs.c,42086,0
hs.c,33384,-7
hs.c,33384,0
hs.c,25805,8
hs.c,25805,0
hs.c,35231,-20
hs.c,35231,0
hs.c,69818,-6
hs.c,69818,0
hs.c,18202,-20
hs.c,18202,0
hs.c,84292,-20
hs.c,84292,0
hs.c,90617,-12
hs.c,90617,0
hs.c,91601,-11
hs.c,91601,0
hs.c,99919,-20
hs.c,99919,0
hs.c,64245,-15
hs.c,64245,0
hs.c,54313,-20
hs.c,54313,0
hs.c,94847,-11
hs.c,94847,0
hs.c,51942,-20
hs.c,51942,0
hs.c,8064,-20
hs.c,8064,0
hs.c,94335,-11
hs.c,94335,0
hs.c,40991,-20
hs.c,40991,0
hs.c,61373,10
hs.c,61373,0
hs.c,58079,-20
hs.c,58079,0
hs.c,30339,-20
hs.c,30339,0
hs.c,66977,-20
hs.c,66977,0
hs.c,4605,-20
hs.c,4605,0
hs.c,56989,-15
hs.c,56989,0
hs.c,79069,-20
hs.c,79069,0
hs.c,98204,9
hs.c,98204,0
hs.c,69620,-6
hs.c,69620,0
hs.c,37544,14
hs.c,37544,0
hs.c,66446,-2
hs.c,66446,0
hs.c,56311,-15
hs.c,56311,0
hs.c,17094,-20
hs.c,17094,0
hs.c,72696,6
hs.c,72696,0
hs.c,89479,-20
hs.c,89479,0
hs.c,15296,-13
hs.c,15296,0
hs.c,58550,-9
hs.c,58550,0
hs.c,59103,-9
hs.c,59103,0
hs.c,2809,-20
hs.c,2809,0
hs.c,38660,-20
hs.c,38660,0
hs.c,69466,-20
hs.c,69466,0
hs.c,54280,-20
hs.c,54280,0
hs.c,94572,-11
hs.c,94572,0
hs.c,98558,-20
hs.c,98558,0
hs.c,17325,-20
hs.c,17325,0
hs.c,68291,-20
hs.c,68291,0
hs.c,19516,-20
hs.c,19516,0
hs.c,98082,-20
hs.c,98082,0
hs.c,85243,-20
hs.c,85243,0
hs.c,7500,-20
hs.c,7500,0
hs.c,27963,-13
hs.c,27963,0
hs.c,5260,-20
hs.c,5260,0
hs.c,60773,10
hs.c,60773,0
hs.c,37310,14
hs.c,37310,0
hs.c,18855,-20
hs.c,18855,0
hs.c,10942,-20
hs.c,10942,0
hs.c,74472,-16
hs.c,74472,0
hs.c,5046,-16
hs.c,5046,0
hs.c,60708,14
hs.c,60708,0
hs.c,28143,-20
hs.c,28143,0
hs.c,70839,-20
hs.c,70839,0
hs.c,7771,-20
hs.c,7771,0
hs.c,11341,0
hs.c,11341,0
hs.c,3999,6
hs.c,3999,0
hs.c,18851,-20
hs.c,18851,0
hs.c,46600,-20
hs.c,46600,0
hs.c,71450,-20
hs.c,71450,0
hs.c,96409,-11
hs.c,96409,0
hs.c,2072,-20
hs.c,2072,0
hs.c,30084,-20
hs.c,30084,0
hs.c,55325,-15
hs.c,55325,0
hs.c,1603,17
hs.c,1603,0
hs.c,71581,6
hs.c,71581,0
hs.c,37661,14
hs.c,37661,0
hs.c,61683,10
hs.c,61683,0
hs.c,62871,-15
hs.c,62871,0
hs.c,76497,-20
hs.c,76497,0
hs.c,6612,-20
hs.c,6612,0
hs.c,91103,-12
hs.c,91103,0
hs.c,59159,-9
hs.c,59159,0
hs.c,62986,-15
hs.c,62986,0
hs.c,48047,-20
hs.c,48047,0
hs.c,72503,6
hs.c,72503,0
hs.c,9433,7
hs.c,9433,0
hs.c,80835,-20
hs.c,80835,0
hs.c,38859,-20
hs.c,38859,0
hs.c,90083,-20
hs.c,90083,0
hs.c,38019,14
hs.c,38019,0
hs.c,16256,-13
hs.c,16256,0
hs.c,96596,-20
hs.c,96596,0
hs.c,53856,-20
hs.c,53856,0
hs.c,2623,-20
hs.c,2623,0
hs.c,63587,-15
hs.c,63587,0
hs.c,3499,6
hs.c,3499,0
hs.c,58077,-20
hs.c,58077,0
hs.c,78600,-20
hs.c,78600,0
hs.c,70304,-20
hs.c,70304,0
hs.c,69031,-6
hs.c,69031,0
hs.c,79977,-20
hs.c,79977,0
hs.c,25861,8
hs.c,25861,0
hs.c,80311,-13
hs.c,80311,0
hs.c,6938,-20
hs.c,6938,0
hs.c,29510,-20
hs.c,29510,0
hs.c,42733,-20
hs.c,42733,0
hs.c,10001,-20
hs.c,10001,0
hs.c,6660,-20
hs.c,6660,0
hs.c,59854,-9
hs.c,59854,0
hs.c,54976,-15
hs.c,54976,0
hs.c,69606,-20
hs.c,69606,0
hs.c,46786,-11
hs.c,46786,0
hs.c,4383,-20
hs.c,4383,0
hs.c,15944,-13
hs.c,15944,0
hs.c,30029,-20
hs.c,30029,0
hs.c,39323,-20
hs.c,39323,0
hs.c,81719,-20
hs.c,81719,0
hs.c,41371,-20
hs.c,41371,0
hs.c,51189,-20
hs.c,51189,0
hs.c,16125,-13
hs.c,16125,0
hs.c,87579,-20
hs.c,87579,0
hs.c,22889,-12
hs.c,22889,0
hs.c,87032,-20
hs.c,87032,0
hs.c,18020,-20
hs.c,18020,0
hs.c,57410,-15
hs.c,57410,0
hs.c,49223,-20
hs.c,49223,0
hs.c,92201,-20
hs.c,92201,0
hs.c,46750,-11
hs.c,46750,0
hs.c,10230,-20
hs.c,10230,0
hs.c,97177,9
hs.c,97177,0
hs.c,87509,-20
hs.c,87509,0
hs.c,26006,-13
hs.c,26006,0
hs.c,40574,-20
hs.c,40574,0
hs.c,51386,11
hs.c,51386,0
hs.c,9432,7
hs.c,9432,0
hs.c,5574,-20
hs.c,5574,0
hs.c,52594,-20
hs.c,52594,0
hs.c,27546,-13
hs.c,27546,0
hs.c,24374,8
hs.c,24374,0
hs.c,77331,-8
hs.c,77331,0
hs.c,92342,-20
hs.c,92342,0
hs.c,83124,-20
hs.c,83124,0
hs.c,70202,-20
hs.c,70202,0
hs.c,29069,-20
hs.c,29069,0
hs.c,7067,11
hs.c,7067,0
hs.c,62520,-20
hs.c,62520,0
hs.c,27673,-13
hs.c,27673,0
hs.c,69400,-20
hs.c,69400,0
hs.c,18897,-20
hs.c,18897,0
hs.c,52151,-20
hs.c,52151,0
hs.c,91901,-11
hs.c,91901,0
hs.c,3785,-20
hs.c,3785,0
hs.c,75390,13
hs.c,75390,0
hs.c,84055,-20
hs.c,84055,0
hs.c,85909,-20
hs.c,85909,0
hs.c,13232,9
hs.c,13232,0
hs.c,6621,-20
hs.c,6621,0
hs.c,32732,-7
hs.c,32732,0
hs.c,96395,-20
hs.c,96395,0
hs.c,47492,-20
hs.c,47492,0
hs.c,20023,-20
hs.c,20023,0
hs.c,6994,11
hs.c,6994,0
hs.c,18083,-20
hs.c,18083,0
hs.c,86075,-20
hs.c,86075,0
hs.c,57193,-15
hs.c,57193,0
hs.c,38658,14
hs.c,38658,0
hs.c,48072,-20
hs.c,48072,0
hs.c,85101,-20
hs.c,85101,0
hs.c,20797,-20
hs.c,20797,0
hs.c,33824,-20
hs.c,33824,0
hs.c,4715,-20
hs.c,4715,0
hs.c,78097,-20
hs.c,78097,0
hs.c,76291,-20
hs.c,76291,0
hs.c,3540,-20
hs.c,3540,0
hs.c,47283,-20
hs.c,47283,0
hs.c,14022,-20
hs.c,14022,0
hs.c,48307,-20
hs.c,48307,0
hs.c,62035,-9
hs.c,62035,0
hs.c,2410,-20
hs.c,2410,0
hs.c,68978,-6
hs.c,68978,0
hs.c,25794,8
hs.c,25794,0
hs.c,37119,14
hs.c,37119,0
hs.c,66073,-2
hs.c,66073,0
hs.c,66497,-2
hs.c,66497,0
hs.c,33063,-7
hs.c,33063,0
hs.c,44036,-20
hs.c,44036,0
hs.c,35995,-20
hs.c,35995,0
hs.c,45017,-2
hs.c,45017,0
hs.c,25859,8
hs.c,25859,0
hs.c,57289,-15
hs.c,57289,0
hs.c,91542,-20
hs.c,91542,0
hs.c,82514,-20
hs.c,82514,0
hs.c,83461,-20
hs.c,83461,0
hs.c,24130,8
hs.c,24130,0
hs.c,54560,-20
hs.c,54560,0
hs.c,33963,-20
hs.c,33963,0
hs.c,38914,14
hs.c,38914,0
hs.c,25820,8
hs.c,25820,0
hs.c,7819,-20
hs.c,7819,0
hs.c,9794,-20
hs.c,9794,0
hs.c,50678,11
hs.c,50678,0
hs.c,73064,-16
hs.c,73064,0
hs.c,26644,-20
hs.c,26644,0
hs.c,7942,11
hs.c,7942,0
hs.c,97828,9
hs.c,97828,0
hs.c,59918,-15
hs.c,59918,0
hs.c,72488,6
hs.c,72488,0
hs.c,11027,0
hs.c,11027,0
hs.c,77238,-8
hs.c,77238,0
hs.c,75965,-20
hs.c,75965,0
hs.c,88656,-20
hs.c,88656,0
hs.c,24580,-20
hs.c,24580,0
hs.c,35777,-20
hs.c,35777,0
hs.c,38191,14
hs.c,38191,0
hs.c,42375,-20
hs.c,42375,0
hs.c,19424,-20
hs.c,19424,0
hs.c,16157,-13
hs.c,16157,0
hs.c,35789,-20
hs.c,35789,0
hs.c,74410,-16
hs.c,74410,0
hs.c,17973,-13
hs.c,17973,0
hs.c,74097,-16
hs.c,74097,0
hs.c,66449,-20
hs.c,66449,0
hs.c,16252,-13
hs.c,16252,0
hs.c,5073,-16
hs.c,5073,0
hs.c,69228,-20
hs.c,69228,0
hs.c,15364,-13
hs.c,15364,0
hs.c,25775,8
hs.c,25775,0
hs.c,36748,-20
hs.c,36748,0
hs.c,32658,-7
hs.c,32658,0
hs.c,63255,-15
hs.c,63255,0
hs.c,79746,-20
hs.c,79746,0
hs.c,70773,-6
hs.c,70773,0
hs.c,3822,-20
hs.c,3822,0
hs.c,4431,-20
hs.c,4431,0
hs.c,45527,-20
hs.c,45527,0
hs.c,42361,-20
hs.c,42361,0
hs.c,83534,-20
hs.c,83534,0
hs.c,35171,-20
hs.c,35171,0
hs.c,79229,-20
hs.c,79229,0
hs.c,90202,-20
hs.c,90202,0
hs.c,87354,-20
hs.c,87354,0
hs.c,80037,-13
hs.c,80037,0
hs.c,83883,-20
hs.c,83883,0
hs.c,66633,-2
hs.c,66633,0
hs.c,71112,-20
hs.c,71112,0
hs.c,92002,-11
hs.c,92002,0
hs.c,10060,-20
hs.c,10060,0
hs.c,41704,-20
hs.c,41704,0
hs.c,39873,-20
hs.c,39873,0
hs.c,92914,-20
hs.c,92914,0
hs.c,47889,-20
hs.c,47889,0
hs.c,66669,-20
hs.c,66669,0
hs.c,84085,-20
hs.c,84085,0
hs.c,30622,-20
hs.c,30622,0
hs.c,7147,11
hs.c,7147,0
hs.c,22953,-12
hs.c,22953,0
hs.c,60215,-9
hs.c,60215,0
hs.c,13060,9
hs.c,13060,0
hs.c,9007,-20
hs.c,9007,0
hs.c,18095,-20
hs.c,18095,0
hs.c,7254,-20
hs.c,7254,0
hs.c,12353,2
hs.c,12353,0
hs.c,39913,-20
hs.c,39913,0
hs.c,90224,-20
hs.c,90224,0
hs.c,18375,-20
hs.c,18375,0
hs.c,67514,-20
hs.c,67514,0
hs.c,27209,-13
hs.c,27209,0
hs.c,92639,-11
hs.c,92639,0
hs.c,92914,-11
hs.c,92914,0
hs.c,38030,-20
hs.c,38030,0
hs.c,58018,-15
hs.c,58018,0
hs.c,80195,-13
hs.c,80195,0
hs.c,18850,-20
hs.c,18850,0
hs.c,94517,-11
hs.c,94517,0
hs.c,16256,-13
hs.c,16256,0
hs.c,10581,-20
hs.c,10581,0
hs.c,27090,-13
hs.c,27090,0
hs.c,15195,-13
hs.c,15195,0
hs.c,42707,-20
hs.c,42707,0
hs.c,15258,-13
hs.c,15258,0
hs.c,38925,14
hs.c,38925,0
hs.c,6629,-20
hs.c,6629,0
hs.c,69116,-6
hs.c,69116,0
hs.c,34259,-20
hs.c,34259,0
hs.c,95812,-11
hs.c,95812,0
hs.c,25278,-20
hs.c,25278,0
hs.c,30789,-20
hs.c,30789,0
hs.c,68277,-20
hs.c,68277,0
hs.c,26089,-20
hs.c,26089,0
hs.c,54905,-15
hs.c,54905,0
hs.c,39340,-20
hs.c,39340,0
hs.c,76955,-20
hs.c,76955,0
hs.c,25660,8
hs.c,25660,0
hs.c,85824,-20
hs.c,85824,0
hs.c,27555,-13
hs.c,27555,0
hs.c,48884,-20
hs.c,48884,0
hs.c,87996,-20
hs.c,87996,0
hs.c,14396,-20
hs.c,14396,0
hs.c,59148,-15
hs.c,59148,0
hs.c,5889,-20
hs.c,5889,0
hs.c,47900,-20
hs.c,47900,0
hs.c,56884,-15
hs.c,56884,0
hs.c,26294,-13
hs.c,26294,0
hs.c,81089,-20
hs.c,81089,0
hs.c,4503,-6
hs.c,4503,0
hs.c,4977,-16
hs.c,4977,0
hs.c,57408,-15
hs.c,57408,0
hs.c,49414,-20
hs.c,49414,0
hs.c,42102,-20
hs.c,42102,0
hs.c,85248,-20
hs.c,85248,0
hs.c,3662,6
hs.c,3662,0
hs.c,6877,-20
hs.c,6877,0
hs.c,32430,-20
hs.c,32430,0
hs.c,57179,-15
hs.c,57179,0
hs.c,45423,-20
hs.c,45423,0
hs.c,78118,-20
hs.c,78118,0
hs.c,24560,8
hs.c,24560,0
hs.c,10550,-20
hs.c,10550,0
hs.c,95182,-20
hs.c,95182,0
hs.c,84036,-20
hs.c,84036,0
hs.c,7018,11
hs.c,7018,0
hs.c,86061,-20
hs.c,86061,0
hs.c,2040,-20
hs.c,2040,0
hs.c,47252,8
hs.c,47252,0
hs.c,92309,-11
hs.c,92309,0
hs.c,91696,-11
hs.c,91696,0
hs.c,93188,-11
hs.c,93188,0
hs.c,51381,-20
hs.c,51381,0
hs.c,52199,-20
hs.c,52199,0
hs.c,75774,13
hs.c,75774,0
hs.c,13837,-20
hs.c,13837,0
hs.c,33664,-7
hs.c,33664,0
hs.c,97376,-20
hs.c,97376,0
hs.c,84813,-20
hs.c,84813,0
hs.c,75760,13
hs.c,75760,0
hs.c,69842,-20
hs.c,69842,0
hs.c,1749,-20
hs.c,1749,0
hs.c,9453,-20
hs.c,9453,0
hs.c,29803,-20
hs.c,29803,0
hs.c,60687,-15
hs.c,60687,0
hs.c,73930,-16
hs.c,73930,0
hs.c,89417,-20
hs.c,89417,0
hs.c,17111,-20
hs.c,17111,0
hs.c,99542,-20
hs.c,99542,0
hs.c,77933,-8
hs.c,77933,0
hs.c,42151,-20
hs.c,42151,0
hs.c,64853,-15
hs.c,64853,0
hs.c,47732,-20
hs.c,47732,0
hs.c,78694,-20
hs.c,78694,0
hs.c,4115,6
hs.c,4115,0
hs.c,95131,-11
hs.c,95131,0
hs.c,68057,-20
hs.c,68057,0
hs.c,57094,-15
hs.c,57094,0
hs.c,17218,-20
hs.c,17218,0
hs.c,11789,2
hs.c,11789,0
hs.c,79238,-20
hs.c,79238,0
hs.c,88694,-20
hs.c,88694,0
hs.c,92545,13
hs.c,92545,0
hs.c,40214,-20
hs.c,40214,0
hs.c,38227,-20
hs.c,38227,0
hs.c,67379,-20
hs.c,67379,0
hs.c,1330,17
hs.c,1330,0
hs.c,80129,-13
hs.c,80129,0
hs.c,81495,-20
hs.c,81495,0
hs.c,46406,-11
hs.c,46406,0
hs.c,87031,-20
hs.c,87031,0
hs.c,53051,-20
hs.c,53051,0
hs.c,77680,-8
hs.c,77680,0
hs.c,61782,-15
hs.c,61782,0
hs.c,59231,-15
hs.c,59231,0
hs.c,74054,-16
hs.c,74054,0
hs.c,78988,-20
hs.c,78988,0
hs.c,1402,17
hs.c,1402,0
hs.c,73496,-16
hs.c,73496,0
hs.c,86768,-20
hs.c,86768,0
hs.c,91197,-12
hs.c,91197,0
hs.c,79581,-13
hs.c,79581,0
hs.c,60103,-9
hs.c,60103,0
hs.c,50731,-20
hs.c,50731,0
hs.c,69144,-6
hs.c,69144,0
hs.c,57897,-15
hs.c,57897,0
hs.c,53941,-20
hs.c,53941,0
hs.c,86933,-20
hs.c,86933,0
hs.c,45680,-20
hs.c,45680,0
hs.c,44945,-2
hs.c,44945,0
hs.c,90729,-12
hs.c,90729,0
hs.c,77693,-8
hs.c,77693,0
hs.c,91350,-11
hs.c,91350,0
hs.c,63015,-15
hs.c,63015,0
hs.c,57765,-15
hs.c,57765,0
hs.c,5386,-16
hs.c,5386,0
hs.c,92308,-11
hs.c,92308,0
hs.c,32325,-20
hs.c,32325,0
hs.c,1242,17
hs.c,1242,0
hs.c,95514,-11
hs.c,95514,0
hs.c,2321,-20
hs.c,2321,0
hs.c,16502,-13
hs.c,16502,0
hs.c,47466,8
hs.c,47466,0
hs.c,4332,-6
hs.c,4332,0
hs.c,99864,-20
hs.c,99864,0
hs.c,5045,-16
hs.c,5045,0
hs.c,53461,-20
hs.c,53461,0
hs.c,98242,-20
hs.c,98242,0
hs.c,81107,-20
hs.c,81107,0
hs.c,96884,9
hs.c,96884,0
hs.c,31840,-7
hs.c,31840,0
hs.c,61253,-15
hs.c,61253,0
hs.c,39359,-20
hs.c,39359,0
hs.c,45875,-11
hs.c,45875,0
hs.c,29523,-20
hs.c,29523,0
hs.c,65043,-20
hs.c,65043,0
hs.c,19387,-20
hs.c,19387,0
hs.c,61887,-9
hs.c,61887,0
hs.c,17045,-20
hs.c,17045,0
hs.c,66455,-2
hs.c,66455,0
hs.c,42607,-20
hs.c,42607,0
hs.c,40720,-20
hs.c,40720,0
hs.c,40069,-20
hs.c,40069,0
hs.c,92165,-11
hs.c,92165,0
hs.c,25217,8
hs.c,25217,0
hs.c,95643,-11
hs.c,95643,0
hs.c,12866,9
hs.c,12866,0
hs.c,20969,-20
hs.c,20969,0
hs.c,12893,2
hs.c,12893,0
hs.c,24901,8
hs.c,24901,0
hs.c,2040,-20
hs.c,2040,0
hs.c,31635,-20
hs.c,31635,0
hs.c,54122,-20
hs.c,54122,0
hs.c,28350,-20
hs.c,28350,0
hs.c,31620,-7
hs.c,31620,0
hs.c,54851,-15
hs.c,54851,0
hs.c,12241,2
hs.c,12241,0
hs.c,20338,-20
hs.c,20338,0
hs.c,11705,-20
hs.c,11705,0
hs.c,24160,-20
hs.c,24160,0
hs.c,99392,-20
hs.c,99392,0
hs.c,62122,-15
hs.c,62122,0
hs.c,14702,-20
hs.c,14702,0
hs.c,54482,-20
hs.c,54482,0
hs.c,66796,-20
hs.c,66796,0
hs.c,82331,-20
hs.c,82331,0
hs.c,96115,-11
hs.c,96115,0
hs.c,83374,-20
hs.c,83374,0
hs.c,86569,-20
hs.c,86569,0
hs.c,43342,-20
hs.c,43342,0
hs.c,65115,-20
hs.c,65115,0
hs.c,16700,-13
hs.c,16700,0
hs.c,2573,-20
hs.c,2573,0
hs.c,43817,-20
hs.c,43817,0
hs.c,79185,-20
hs.c,79185,0
hs.c,19872,-20
hs.c,19872,0
hs.c,54215,-20
hs.c,54215,0
hs.c,89863,-20
hs.c,89863,0
hs.c,83776,-20
hs.c,83776,0
hs.c,33205,-7
hs.c,33205,0
hs.c,71215,-20
hs.c,71215,0
hs.c,48610,-20
hs.c,48610,0
hs.c,39158,-20
hs.c,39158,0
hs.c,75843,13
hs.c,75843,0
hs.c,68743,-20
hs.c,68743,0
hs.c,11453,0
hs.c,11453,0
hs.c,75439,13
hs.c,75439,0
hs.c,95947,-11
hs.c,95947,0
hs.c,67919,-20
hs.c,67919,0
hs.c,84577,-20
hs.c,84577,0
hs.c,49850,-20
hs.c,49850,0
hs.c,46299,-11
hs.c,46299,0
hs.c,37171,-20
hs.c,37171,0
hs.c,98189,9
hs.c,98189,0
hs.c,46453,-11
hs.c,46453,0
hs.c,34326,-20
hs.c,34326,0
hs.c,7066,11
hs.c,7066,0
hs.c,46791,-11
hs.c,46791,0
hs.c,32079,-7
hs.c,32079,0
hs.c,28644,-13
hs.c,28644,0
hs.c,19709,-20
hs.c,19709,0
hs.c,38692,14
hs.c,38692,0
hs.c,62079,-9
hs.c,62079,0
hs.c,94093,-11
hs.c,94093,0
hs.c,28364,-13
hs.c,28364,0
hs.c,6510,-20
hs.c,6510,0
hs.c,47994,-20
hs.c,47994,0
hs.c,90660,-12
hs.c,90660,0
hs.c,38562,14
hs.c,38562,0
hs.c,32204,-20
hs.c,32204,0
mat.c,159,-20
mat.c,159,0
mat.c,207,5
mat.c,207,0
mat.c,105,-1
mat.c,105,0
mat.c,322,-20
mat.c,322,0
mat.c,173,-20
mat.c,173,0
mat.c,311,-20
mat.c,311,0
mat.c,242,0
mat.c,242,0
mat.c,137,5
mat.c,137,0
mat.c,337,-20
mat.c,337,0
mat.c,209,-10
mat.c,209,0
mat.c,284,7
mat.c,284,0
mat.c,335,-20
mat.c,335,0
mat.c,239,0
mat.c,239,0
mat.c,323,-4
mat.c,323,0
mat.c,167,-20
mat.c,167,0
mat.c,315,-20
mat.c,315,0
mat.c,116,-20
mat.c,116,0
mat.c,227,-20
mat.c,227,0
mat.c,196,-20
mat.c,196,0
mat.c,284,7
mat.c,284,0
mat.c,161,-20
mat.c,161,0
mat.c,171,6
mat.c,171,0
mat.c,183,-20
mat.c,183,0
mat.c,277,3
mat.c,277,0
mat.c,172,-1
mat.c,172,0
mat.c,314,-20
mat.c,314,0
mat.c,249,3
mat.c,249,0
mat.c,142,-20
mat.c,142,0
mat.c,213,-15
mat.c,213,0
mat.c,267,-20
mat.c,267,0
mat.c,160,-1
mat.c,160,0
mat.c,287,-12
mat.c,287,0
mat.c,239,-20
mat.c,239,0
mat.c,170,-20
mat.c,170,0
mat.c,216,-15
mat.c,216,0
mat.c,106,-20
mat.c,106,0
mat.c,337,-20
mat.c,337,0
mat.c,111,-20
mat.c,111,0
mat.c,206,5
mat.c,206,0
mat.c,215,-15
mat.c,215,0
mat.c,120,-20
mat.c,120,0
mat.c,123,-12
mat.c,123,0
mat.c,289,-12
mat.c,289,0
mat.c,104,-1
mat.c,104,0
mat.c,331,-20
mat.c,331,0
mat.c,113,-20
mat.c,113,0
mat.c,172,1
mat.c,172,0
mat.c,246,-20
mat.c,246,0
mat.c,196,-13
mat.c,196,0
mat.c,161,-20
mat.c,161,0
mat.c,235,-20
mat.c,235,0
mat.c,190,-20
mat.c,190,0
mat.c,238,-20
mat.c,238,0
mat.c,174,-14
mat.c,174,0
mat.c,298,-20
mat.c,298,0
mat.c,314,-20
mat.c,314,0
mat.c,136,7
mat.c,136,0
mat.c,265,-9
mat.c,265,0
mat.c,297,-20
mat.c,297,0
mat.c,119,-20
mat.c,119,0
mat.c,219,-13
mat.c,219,0
mat.c,241,-20
mat.c,241,0
mat.c,118,-20
mat.c,118,0
mat.c,329,-20
mat.c,329,0
mat.c,200,-20
mat.c,200,0
mat.c,113,5
mat.c,113,0
mat.c,237,-20
mat.c,237,0
mat.c,139,7
mat.c,139,0
mat.c,307,-4
mat.c,307,0
mat.c,258,-20
mat.c,258,0
mat.c,169,-20
mat.c,169,0
mat.c,268,-1
mat.c,268,0
mat.c,179,-14
mat.c,179,0
mat.c,289,8
mat.c,289,0
mat.c,284,7
mat.c,284,0
mat.c,209,5
mat.c,209,0
mat.c,275,-20
mat.c,275,0
mat.c,227,-20
mat.c,227,0
mat.c,258,-20
mat.c,258,0
mat.c,218,-20
mat.c,218,0
mat.c,178,-14
mat.c,178,0
mat.c,143,-20
mat.c,143,0
mat.c,131,-3
mat.c,131,0
mat.c,167,-20
mat.c,167,0
mat.c,273,-20
mat.c,273,0
mat.c,246,12
mat.c,246,0
mat.c,302,-11
mat.c,302,0
mat.c,160,-4
mat.c,160,0
mat.c,193,-20
mat.c,193,0
mat.c,110,-9
mat.c,110,0
mat.c,111,-20
mat.c,111,0
mat.c,189,-20
mat.c,189,0
mat.c,245,-20
mat.c,245,0
mat.c,182,2
mat.c,182,0
mat.c,188,-20
mat.c,188,0
mat.c,319,-20
mat.c,319,0
mat.c,332,-20
mat.c,332,0
mat.c,237,-20
mat.c,237,0
mat.c,265,-9
mat.c,265,0
mat.c,195,-20
mat.c,195,0
mat.c,277,-20
mat.c,277,0
mat.c,240,0
mat.c,240,0
mat.c,228,-20
mat.c,228,0
mat.c,275,3
mat.c,275,0
mat.c,198,1
mat.c,198,0
mat.c,229,-9
mat.c,229,0
mat.c,275,-20
mat.c,275,0
mat.c,322,-20
mat.c,322,0
mat.c,305,-11
mat.c,305,0
mat.c,136,-20
mat.c,136,0
mat.c,316,-20
mat.c,316,0
mat.c,147,-20
mat.c,147,0
mat.c,248,-20
mat.c,248,0
mat.c,198,1
mat.c,198,0
mat.c,131,-3
mat.c,131,0
mat.c,170,-20
mat.c,170,0
mat.c,140,12
mat.c,140,0
mat.c,305,-4
mat.c,305,0
mat.c,183,-20
mat.c,183,0
mat.c,217,-15
mat.c,217,0
mat.c,298,10
mat.c,298,0
mat.c,155,-20
mat.c,155,0
mat.c,289,8
mat.c,289,0
mat.c,272,5
mat.c,272,0
mat.c,324,-20
mat.c,324,0
mat.c,224,-20
mat.c,224,0
mat.c,323,-4
mat.c,323,0
mat.c,227,-9
mat.c,227,0
mat.c,104,-1
mat.c,104,0
mat.c,289,8
mat.c,289,0
mat.c,189,-20
mat.c,189,0
mat.c,235,0
mat.c,235,0
mat.c,302,-20
mat.c,302,0
mat.c,140,12
mat.c,140,0
mat.c,148,-5
mat.c,148,0
mat.c,178,-20
mat.c,178,0
mat.c,158,13
mat.c,158,0
mat.c,231,-20
mat.c,231,0
mat.c,134,7
mat.c,134,0
mat.c,323,-4
mat.c,323,0
mat.c,334,-20
mat.c,334,0
mat.c,150,7
mat.c,150,0
mat.c,311,9
mat.c,311,0
mat.c,255,-20
mat.c,255,0
mat.c,151,-20
mat.c,151,0
mat.c,167,13
mat.c,167,0
mat.c,116,-20
mat.c,116,0
mat.c,162,-20
mat.c,162,0
mat.c,127,-16
mat.c,127,0
mat.c,111,-1
mat.c,111,0
mat.c,138,7
mat.c,138,0
mat.c,337,-20
mat.c,337,0
mat.c,297,-12
mat.c,297,0
mat.c,159,-20
mat.c,159,0
mat.c,137,5
mat.c,137,0
mat.c,234,0
mat.c,234,0
mat.c,319,-20
mat.c,319,0
mat.c,258,10
mat.c,258,0
mat.c,334,-20
mat.c,334,0
mat.c,148,-5
mat.c,148,0
mat.c,199,-20
mat.c,199,0
mat.c,194,-20
mat.c,194,0
mat.c,336,-20
mat.c,336,0
mat.c,297,-12
mat.c,297,0
mat.c,198,1
mat.c,198,0
mat.c,184,2
mat.c,184,0
mat.c,305,-11
mat.c,305,0
mat.c,101,-1
mat.c,101,0
mat.c,266,-20
mat.c,266,0
mat.c,164,-15
mat.c,164,0
mat.c,118,-20
mat.c,118,0
mat.c,306,-4
mat.c,306,0
mat.c,192,-20
mat.c,192,0
mat.c,119,-20
mat.c,119,0
mat.c,192,-20
mat.c,192,0
mat.c,222,-20
mat.c,222,0
mat.c,167,13
mat.c,167,0
mat.c,134,7
mat.c,134,0
mat.c,160,-4
mat.c,160,0
mat.c,158,13
mat.c,158,0
mat.c,320,-20
mat.c,320,0
mat.c,287,-20
mat.c,287,0
mat.c,196,-13
mat.c,196,0
mat.c,221,-20
mat.c,221,0
mat.c,224,-20
mat.c,224,0
mat.c,190,-20
mat.c,190,0
mat.c,203,-15
mat.c,203,0
mat.c,237,-20
mat.c,237,0
mat.c,212,-15
mat.c,212,0
mat.c,152,-20
mat.c,152,0
mat.c,178,-20
mat.c,178,0
mat.c,194,-20
mat.c,194,0
mat.c,209,5
mat.c,209,0
mat.c,270,-20
mat.c,270,0
mat.c,245,-20
mat.c,245,0
mat.c,197,-13
mat.c,197,0
mat.c,202,-20
mat.c,202,0
mat.c,100,-1
mat.c,100,0
mat.c,104,-1
mat.c,104,0
mat.c,156,13
mat.c,156,0
mat.c,218,-13
mat.c,218,0
mat.c,335,-20
mat.c,335,0
mat.c,270,5
mat.c,270,0
mat.c,182,2
mat.c,182,0
mat.c,192,-20
mat.c,192,0
mat.c,324,-20
mat.c,324,0
mat.c,269,-19
mat.c,269,0
mat.c,160,-1
mat.c,160,0
mat.c,280,-20
mat.c,280,0
mat.c,249,-20
mat.c,249,0
mat.c,228,-9
mat.c,228,0
mat.c,312,-20
mat.c,312,0
mat.c,257,-20
mat.c,257,0
mat.c,106,-20
mat.c,106,0
mat.c,113,5
mat.c,113,0
mat.c,161,-1
mat.c,161,0
mat.c,331,-20
mat.c,331,0
mat.c,196,-13
mat.c,196,0
mat.c,251,-20
mat.c,251,0
mat.c,310,-20
mat.c,310,0
mat.c,262,-20
mat.c,262,0
mat.c,126,-16
mat.c,126,0
mat.c,253,-20
mat.c,253,0
mat.c,290,-20
mat.c,290,0
mat.c,142,-20
mat.c,142,0
mat.c,193,-20
mat.c,193,0
mat.c,197,-20
mat.c,197,0
mat.c,160,-4
mat.c,160,0
mat.c,181,-20
mat.c,181,0
mat.c,233,-20
mat.c,233,0
mat.c,330,-20
mat.c,330,0
mat.c,219,-20
mat.c,219,0
mat.c,309,-4
mat.c,309,0
mat.c,238,-20
mat.c,238,0
mat.c,318,-20
mat.c,318,0
mat.c,231,-20
mat.c,231,0
mat.c,168,11
mat.c,168,0
mat.c,158,-20
mat.c,158,0
mat.c,316,-20
mat.c,316,0
mat.c,303,-4
mat.c,303,0
mat.c,295,10
mat.c,295,0
mat.c,306,-4
mat.c,306,0
mat.c,176,-20
mat.c,176,0
mat.c,230,-20
mat.c,230,0
mat.c,179,-14
mat.c,179,0
mat.c,202,-15
mat.c,202,0
mat.c,168,11
mat.c,168,0
mat.c,279,-20
mat.c,279,0
mat.c,271,-20
mat.c,271,0
mat.c,240,0
mat.c,240,0
mat.c,269,-19
mat.c,269,0
mat.c,219,-13
mat.c,219,0
mat.c,117,-20
mat.c,117,0
mat.c,268,-1
mat.c,268,0
mat.c,195,-20
mat.c,195,0
mat.c,155,-20
mat.c,155,0
mat.c,247,-20
mat.c,247,0
mat.c,236,-20
mat.c,236,0
mat.c,261,-20
mat.c,261,0
mat.c,312,9
mat.c,312,0
mat.c,238,-20
mat.c,238,0
mat.c,190,-20
mat.c,190,0
mat.c,314,-20
mat.c,314,0
mat.c,166,13
mat.c,166,0
mat.c,288,-12
mat.c,288,0
mat.c,293,-12
mat.c,293,0
mat.c,158,13
mat.c,158,0
mat.c,275,3
mat.c,275,0
mat.c,269,-19
mat.c,269,0
mat.c,274,7
mat.c,274,0
mat.c,241,0
mat.c,241,0
mat.c,336,-20
mat.c,336,0
mat.c,274,7
mat.c,274,0
mat.c,327,-4
mat.c,327,0
mat.c,294,-20
mat.c,294,0
mat.c,233,0
mat.c,233,0
mat.c,193,-20
mat.c,193,0
mat.c,231,-20
mat.c,231,0
mat.c,222,-20
mat.c,222,0
mat.c,202,-15
mat.c,202,0
mat.c,294,-20
mat.c,294,0
mat.c,222,-20
mat.c,222,0
mat.c,303,-4
mat.c,303,0
mat.c,226,-20
mat.c,226,0
mat.c,200,-20
mat.c,200,0
mat.c,135,7
mat.c,135,0
mat.c,136,7
mat.c,136,0
mat.c,178,-14
mat.c,178,0
mat.c,237,-20
mat.c,237,0
mat.c,249,-20
mat.c,249,0
mat.c,118,-20
mat.c,118,0
mat.c,264,-20
mat.c,264,0
mat.c,164,-15
mat.c,164,0
mat.c,231,-20
mat.c,231,0
mat.c,182,2
mat.c,182,0
mat.c,315,-20
mat.c,315,0
mat.c,268,-1
mat.c,268,0
mat.c,165,-20
mat.c,165,0
mat.c,105,-1
mat.c,105,0
mat.c,286,-20
mat.c,286,0
mat.c,178,-14
mat.c,178,0
mat.c,274,-20
mat.c,274,0
mat.c,154,7
mat.c,154,0
mat.c,228,-9
mat.c,228,0
mat.c,230,-9
mat.c,230,0
mat.c,285,7
mat.c,285,0
mat.c,153,-20
mat.c,153,0
mat.c,172,-1
mat.c,172,0
mat.c,204,-10
mat.c,204,0
mat.c,113,5
mat.c,113,0
mat.c,232,0
mat.c,232,0
mat.c,297,-12
mat.c,297,0
mat.c,189,-20
mat.c,189,0
mat.c,329,-20
mat.c,329,0
mat.c,265,-9
mat.c,265,0
mat.c,103,-20
mat.c,103,0
mat.c,285,-20
mat.c,285,0
mat.c,337,-20
mat.c,337,0
mat.c,129,-16
mat.c,129,0
mat.c,336,-20
mat.c,336,0
mat.c,199,-20
mat.c,199,0
mat.c,160,-4
mat.c,160,0
mat.c,135,7
mat.c,135,0
mat.c,244,-20
mat.c,244,0
mat.c,226,-20
mat.c,226,0
mat.c,111,-20
mat.c,111,0
mat.c,129,-16
mat.c,129,0
mat.c,147,-20
mat.c,147,0
mat.c,320,-20
mat.c,320,0
mat.c,147,-20
mat.c,147,0
mat.c,246,12
mat.c,246,0
mat.c,206,5
mat.c,206,0
mat.c,179,-20
mat.c,179,0
mat.c,219,-20
mat.c,219,0
mat.c,322,-20
mat.c,322,0
mat.c,204,-20
mat.c,204,0
mat.c,162,-20
mat.c,162,0
mat.c,276,-20
mat.c,276,0
mat.c,268,-1
mat.c,268,0
mat.c,219,-20
mat.c,219,0
mat.c,122,-20
mat.c,122,0
mat.c,292,-20
mat.c,292,0
mat.c,110,-9
mat.c,110,0
mat.c,139,-20
mat.c,139,0
mat.c,325,-20
mat.c,325,0
mat.c,276,-20
mat.c,276,0
mat.c,216,-15
mat.c,216,0
mat.c,182,2
mat.c,182,0
mat.c,339,-20
mat.c,339,0
mat.c,114,5
mat.c,114,0
mat.c,171,6
mat.c,171,0
mat.c,282,-20
mat.c,282,0
mat.c,234,0
mat.c,234,0
mat.c,333,-20
mat.c,333,0
mat.c,211,-15
mat.c,211,0
mat.c,214,-15
mat.c,214,0
mat.c,168,11
mat.c,168,0
mat.c,126,-16
mat.c,126,0
mat.c,286,-20
mat.c,286,0
mat.c,218,-13
mat.c,218,0
mat.c,338,-20
mat.c,338,0
mat.c,110,-9
mat.c,110,0
mat.c,273,-20
mat.c,273,0
mat.c,137,5
mat.c,137,0
mat.c,166,13
mat.c,166,0
mat.c,129,-16
mat.c,129,0
mat.c,289,8
mat.c,289,0
mat.c,260,-20
mat.c,260,0
mat.c,264,-20
mat.c,264,0
mat.c,334,-20
mat.c,334,0
mat.c,176,-20
mat.c,176,0
mat.c,216,-20
mat.c,216,0
mat.c,130,-20
mat.c,130,0
mat.c,187,-20
mat.c,187,0
mat.c,252,-20
mat.c,252,0
mat.c,124,-12
mat.c,124,0
mat.c,123,-12
mat.c,123,0
mat.c,215,-15
mat.c,215,0
mat.c,158,13
mat.c,158,0
mat.c,335,-20
mat.c,335,0
mat.c,118,-20
mat.c,118,0
mat.c,250,9
mat.c,250,0
mat.c,331,-20
mat.c,331,0
mat.c,275,3
mat.c,275,0
mat.c,111,-20
mat.c,111,0
mat.c,172,1
mat.c,172,0
mat.c,336,-20
mat.c,336,0
mat.c,247,-20
mat.c,247,0
mat.c,130,-20
mat.c,130,0
mat.c,249,3
mat.c,249,0
mat.c,169,-20
mat.c,169,0
mat.c,122,-20
mat.c,122,0
mat.c,137,5
mat.c,137,0
mat.c,257,-20
mat.c,257,0
mat.c,131,-3
mat.c,131,0
mat.c,195,-20
mat.c,195,0
mat.c,249,3
mat.c,249,0
mat.c,165,-20
mat.c,165,0
mat.c,251,-20
mat.c,251,0
mat.c,250,9
mat.c,250,0
mat.c,289,8
mat.c,289,0
mat.c,188,-20
mat.c,188,0
mat.c,117,-20
mat.c,117,0
mat.c,290,-20
mat.c,290,0
mat.c,108,-1
mat.c,108,0
mat.c,247,-20
mat.c,247,0
mat.c,318,-20
mat.c,318,0
mat.c,255,-20
mat.c,255,0
mat.c,203,-20
mat.c,203,0
mat.c,288,-12
mat.c,288,0
mat.c,307,-20
mat.c,307,0
mat.c,250,9
mat.c,250,0
mat.c,288,-12
mat.c,288,0
mat.c,255,-20
mat.c,255,0
mat.c,114,5
mat.c,114,0
mat.c,178,-20
mat.c,178,0
mat.c,240,0
mat.c,240,0
mat.c,297,-20
mat.c,297,0
mat.c,121,-20
mat.c,121,0
mat.c,140,12
mat.c,140,0
mat.c,193,-20
mat.c,193,0
mat.c,124,-12
mat.c,124,0
mat.c,145,-20
mat.c,145,0
mat.c,298,10
mat.c,298,0
mat.c,212,-15
mat.c,212,0
mat.c,188,-20
mat.c,188,0
mat.c,213,-15
mat.c,213,0
mat.c,273,-20
mat.c,273,0
mat.c,303,-11
mat.c,303,0
mat.c,127,-16
mat.c,127,0
mat.c,172,1
mat.c,172,0
mat.c,330,-20
mat.c,330,0
mat.c,284,-20
mat.c,284,0
mat.c,299,10
mat.c,299,0
mat.c,139,7
mat.c,139,0
mat.c,223,-20
mat.c,223,0
mat.c,296,-20
mat.c,296,0
mat.c,142,-20
mat.c,142,0
mat.c,244,0
mat.c,244,0
mat.c,217,-15
mat.c,217,0
mat.c,110,-9
mat.c,110,0
mat.c,172,-1
mat.c,172,0
mat.c,137,-20
mat.c,137,0
mat.c,308,-4
mat.c,308,0
mat.c,307,-4
mat.c,307,0
mat.c,138,7
mat.c,138,0
mat.c,263,-20
mat.c,263,0
mat.c,170,-20
mat.c,170,0
mat.c,168,11
mat.c,168,0
mat.c,200,-20
mat.c,200,0
mat.c,132,7
mat.c,132,0
mat.c,137,5
mat.c,137,0
mat.c,164,-1
mat.c,164,0
mat.c,151,7
mat.c,151,0
mat.c,213,-15
mat.c,213,0
mat.c,313,9
mat.c,313,0
mat.c,187,-20
mat.c,187,0
mat.c,123,-12
mat.c,123,0
mat.c,128,-16
mat.c,128,0
mat.c,338,-20
mat.c,338,0
mat.c,122,-20
mat.c,122,0
mat.c,307,-20
mat.c,307,0
mat.c,128,-16
mat.c,128,0
mat.c,223,-20
mat.c,223,0
mat.c,127,-16
mat.c,127,0
mat.c,220,-13
mat.c,220,0
mat.c,148,-5
mat.c,148,0
mat.c,183,-20
mat.c,183,0
mat.c,191,-20
mat.c,191,0
mat.c,293,-20
mat.c,293,0
mat.c,305,-11
mat.c,305,0
mat.c,220,-13
mat.c,220,0
mat.c,128,-16
mat.c,128,0
mat.c,184,2
mat.c,184,0
mat.c,115,-20
mat.c,115,0
mat.c,227,-9
mat.c,227,0
mat.c,246,12
mat.c,246,0
mat.c,112,-20
mat.c,112,0
mat.c,284,7
mat.c,284,0
mat.c,313,-20
mat.c,313,0
mat.c,173,-20
mat.c,173,0
mat.c,119,-20
mat.c,119,0
mat.c,200,-20
mat.c,200,0
mat.c,227,-9
mat.c,227,0
mat.c,224,-20
mat.c,224,0
mat.c,280,-20
mat.c,280,0
mat.c,235,0
mat.c,235,0
mat.c,147,-20
mat.c,147,0
mat.c,247,-20
mat.c,247,0
mat.c,337,-20
mat.c,337,0
mat.c,252,-20
mat.c,252,0
